MaSP,TenSP,DanhMuc,Gia,SoLuongTon,HinhAnh,MoTa,TrangThai
SP001,Sofa Mẫu 1,Sofa,1250000,8,sp001.jpg,"Sản phẩm sofa được thiết kế theo phong cách hiện đại, phù hợp với nhiều không gian sống khác nhau. Chất liệu được lựa chọn kỹ lưỡng nhằm đảm bảo độ bền, tính thẩm mỹ và sự an toàn trong quá trình sử dụng. Kiểu dáng hài hòa giúp dễ dàng kết hợp với các món nội thất khác trong gia đình. Sản phẩm mang lại sự tiện nghi, tối ưu công năng sử dụng và góp phần nâng cao chất lượng không gian sống. Đây là lựa chọn phù hợp cho khách hàng đang tìm kiếm một giải pháp nội thất đẹp, bền và có giá trị sử dụng lâu dài. Thiết kế tinh tế cùng màu sắc trang nhã giúp tạo điểm nhấn nổi bật cho căn phòng.",Đang bán
SP002,Bàn trà Mẫu 2,Bàn trà,1500000,11,sp002.jpg,"Sản phẩm bàn trà được thiết kế theo phong cách hiện đại, phù hợp với nhiều không gian sống khác nhau. Chất liệu được lựa chọn kỹ lưỡng nhằm đảm bảo độ bền, tính thẩm mỹ và sự an toàn trong quá trình sử dụng. Kiểu dáng hài hòa giúp dễ dàng kết hợp với các món nội thất khác trong gia đình. Sản phẩm mang lại sự tiện nghi, tối ưu công năng sử dụng và góp phần nâng cao chất lượng không gian sống. Đây là lựa chọn phù hợp cho khách hàng đang tìm kiếm một giải pháp nội thất đẹp, bền và có giá trị sử dụng lâu dài. Thiết kế tinh tế cùng màu sắc trang nhã giúp tạo điểm nhấn nổi bật cho căn phòng.",Đang bán
SP003,Kệ TV Mẫu 3,Kệ TV,1750000,14,sp003.jpg,"Sản phẩm kệ tv được thiết kế theo phong cách hiện đại, phù hợp với nhiều không gian sống khác nhau. Chất liệu được lựa chọn kỹ lưỡng nhằm đảm bảo độ bền, tính thẩm mỹ và sự an toàn trong quá trình sử dụng. Kiểu dáng hài hòa giúp dễ dàng kết hợp với các món nội thất khác trong gia đình. Sản phẩm mang lại sự tiện nghi, tối ưu công năng sử dụng và góp phần nâng cao chất lượng không gian sống. Đây là lựa chọn phù hợp cho khách hàng đang tìm kiếm một giải pháp nội thất đẹp, bền và có giá trị sử dụng lâu dài. Thiết kế tinh tế cùng màu sắc trang nhã giúp tạo điểm nhấn nổi bật cho căn phòng.",Đang bán
SP004,Tủ quần áo Mẫu 4,Tủ quần áo,2000000,17,sp004.jpg,"Sản phẩm tủ quần áo được thiết kế theo phong cách hiện đại, phù hợp với nhiều không gian sống khác nhau. Chất liệu được lựa chọn kỹ lưỡng nhằm đảm bảo độ bền, tính thẩm mỹ và sự an toàn trong quá trình sử dụng. Kiểu dáng hài hòa giúp dễ dàng kết hợp với các món nội thất khác trong gia đình. Sản phẩm mang lại sự tiện nghi, tối ưu công năng sử dụng và góp phần nâng cao chất lượng không gian sống. Đây là lựa chọn phù hợp cho khách hàng đang tìm kiếm một giải pháp nội thất đẹp, bền và có giá trị sử dụng lâu dài. Thiết kế tinh tế cùng màu sắc trang nhã giúp tạo điểm nhấn nổi bật cho căn phòng.",Đang bán
SP005,Giường ngủ Mẫu 5,Giường ngủ,2250000,20,sp005.jpg,"Sản phẩm giường ngủ được thiết kế theo phong cách hiện đại, phù hợp với nhiều không gian sống khác nhau. Chất liệu được lựa chọn kỹ lưỡng nhằm đảm bảo độ bền, tính thẩm mỹ và sự an toàn trong quá trình sử dụng. Kiểu dáng hài hòa giúp dễ dàng kết hợp với các món nội thất khác trong gia đình. Sản phẩm mang lại sự tiện nghi, tối ưu công năng sử dụng và góp phần nâng cao chất lượng không gian sống. Đây là lựa chọn phù hợp cho khách hàng đang tìm kiếm một giải pháp nội thất đẹp, bền và có giá trị sử dụng lâu dài. Thiết kế tinh tế cùng màu sắc trang nhã giúp tạo điểm nhấn nổi bật cho căn phòng.",Đang bán
SP006,Bàn ăn Mẫu 6,Bàn ăn,2500000,23,sp006.jpg,"Sản phẩm bàn ăn được thiết kế theo phong cách hiện đại, phù hợp với nhiều không gian sống khác nhau. Chất liệu được lựa chọn kỹ lưỡng nhằm đảm bảo độ bền, tính thẩm mỹ và sự an toàn trong quá trình sử dụng. Kiểu dáng hài hòa giúp dễ dàng kết hợp với các món nội thất khác trong gia đình. Sản phẩm mang lại sự tiện nghi, tối ưu công năng sử dụng và góp phần nâng cao chất lượng không gian sống. Đây là lựa chọn phù hợp cho khách hàng đang tìm kiếm một giải pháp nội thất đẹp, bền và có giá trị sử dụng lâu dài. Thiết kế tinh tế cùng màu sắc trang nhã giúp tạo điểm nhấn nổi bật cho căn phòng.",Đang bán
SP007,Ghế Mẫu 7,Ghế,2750000,26,sp007.jpg,"Sản phẩm ghế được thiết kế theo phong cách hiện đại, phù hợp với nhiều không gian sống khác nhau. Chất liệu được lựa chọn kỹ lưỡng nhằm đảm bảo độ bền, tính thẩm mỹ và sự an toàn trong quá trình sử dụng. Kiểu dáng hài hòa giúp dễ dàng kết hợp với các món nội thất khác trong gia đình. Sản phẩm mang lại sự tiện nghi, tối ưu công năng sử dụng và góp phần nâng cao chất lượng không gian sống. Đây là lựa chọn phù hợp cho khách hàng đang tìm kiếm một giải pháp nội thất đẹp, bền và có giá trị sử dụng lâu dài. Thiết kế tinh tế cùng màu sắc trang nhã giúp tạo điểm nhấn nổi bật cho căn phòng.",Đang bán
SP008,Bàn làm việc Mẫu 8,Bàn làm việc,3000000,29,sp008.jpg,"Sản phẩm bàn làm việc được thiết kế theo phong cách hiện đại, phù hợp với nhiều không gian sống khác nhau. Chất liệu được lựa chọn kỹ lưỡng nhằm đảm bảo độ bền, tính thẩm mỹ và sự an toàn trong quá trình sử dụng. Kiểu dáng hài hòa giúp dễ dàng kết hợp với các món nội thất khác trong gia đình. Sản phẩm mang lại sự tiện nghi, tối ưu công năng sử dụng và góp phần nâng cao chất lượng không gian sống. Đây là lựa chọn phù hợp cho khách hàng đang tìm kiếm một giải pháp nội thất đẹp, bền và có giá trị sử dụng lâu dài. Thiết kế tinh tế cùng màu sắc trang nhã giúp tạo điểm nhấn nổi bật cho căn phòng.",Đang bán
SP009,Kệ sách Mẫu 9,Kệ sách,3250000,32,sp009.jpg,"Sản phẩm kệ sách được thiết kế theo phong cách hiện đại, phù hợp với nhiều không gian sống khác nhau. Chất liệu được lựa chọn kỹ lưỡng nhằm đảm bảo độ bền, tính thẩm mỹ và sự an toàn trong quá trình sử dụng. Kiểu dáng hài hòa giúp dễ dàng kết hợp với các món nội thất khác trong gia đình. Sản phẩm mang lại sự tiện nghi, tối ưu công năng sử dụng và góp phần nâng cao chất lượng không gian sống. Đây là lựa chọn phù hợp cho khách hàng đang tìm kiếm một giải pháp nội thất đẹp, bền và có giá trị sử dụng lâu dài. Thiết kế tinh tế cùng màu sắc trang nhã giúp tạo điểm nhấn nổi bật cho căn phòng.",Đang bán
SP010,Trang trí Mẫu 10,Trang trí,3500000,35,sp010.jpg,"Sản phẩm trang trí được thiết kế theo phong cách hiện đại, phù hợp với nhiều không gian sống khác nhau. Chất liệu được lựa chọn kỹ lưỡng nhằm đảm bảo độ bền, tính thẩm mỹ và sự an toàn trong quá trình sử dụng. Kiểu dáng hài hòa giúp dễ dàng kết hợp với các món nội thất khác trong gia đình. Sản phẩm mang lại sự tiện nghi, tối ưu công năng sử dụng và góp phần nâng cao chất lượng không gian sống. Đây là lựa chọn phù hợp cho khách hàng đang tìm kiếm một giải pháp nội thất đẹp, bền và có giá trị sử dụng lâu dài. Thiết kế tinh tế cùng màu sắc trang nhã giúp tạo điểm nhấn nổi bật cho căn phòng.",Đang bán
SP011,Sofa Mẫu 11,Sofa,3750000,38,sp011.jpg,"Sản phẩm sofa được thiết kế theo phong cách hiện đại, phù hợp với nhiều không gian sống khác nhau. Chất liệu được lựa chọn kỹ lưỡng nhằm đảm bảo độ bền, tính thẩm mỹ và sự an toàn trong quá trình sử dụng. Kiểu dáng hài hòa giúp dễ dàng kết hợp với các món nội thất khác trong gia đình. Sản phẩm mang lại sự tiện nghi, tối ưu công năng sử dụng và góp phần nâng cao chất lượng không gian sống. Đây là lựa chọn phù hợp cho khách hàng đang tìm kiếm một giải pháp nội thất đẹp, bền và có giá trị sử dụng lâu dài. Thiết kế tinh tế cùng màu sắc trang nhã giúp tạo điểm nhấn nổi bật cho căn phòng.",Đang bán
SP012,Bàn trà Mẫu 12,Bàn trà,4000000,41,sp012.jpg,"Sản phẩm bàn trà được thiết kế theo phong cách hiện đại, phù hợp với nhiều không gian sống khác nhau. Chất liệu được lựa chọn kỹ lưỡng nhằm đảm bảo độ bền, tính thẩm mỹ và sự an toàn trong quá trình sử dụng. Kiểu dáng hài hòa giúp dễ dàng kết hợp với các món nội thất khác trong gia đình. Sản phẩm mang lại sự tiện nghi, tối ưu công năng sử dụng và góp phần nâng cao chất lượng không gian sống. Đây là lựa chọn phù hợp cho khách hàng đang tìm kiếm một giải pháp nội thất đẹp, bền và có giá trị sử dụng lâu dài. Thiết kế tinh tế cùng màu sắc trang nhã giúp tạo điểm nhấn nổi bật cho căn phòng.",Đang bán
SP013,Kệ TV Mẫu 13,Kệ TV,4250000,44,sp013.jpg,"Sản phẩm kệ tv được thiết kế theo phong cách hiện đại, phù hợp với nhiều không gian sống khác nhau. Chất liệu được lựa chọn kỹ lưỡng nhằm đảm bảo độ bền, tính thẩm mỹ và sự an toàn trong quá trình sử dụng. Kiểu dáng hài hòa giúp dễ dàng kết hợp với các món nội thất khác trong gia đình. Sản phẩm mang lại sự tiện nghi, tối ưu công năng sử dụng và góp phần nâng cao chất lượng không gian sống. Đây là lựa chọn phù hợp cho khách hàng đang tìm kiếm một giải pháp nội thất đẹp, bền và có giá trị sử dụng lâu dài. Thiết kế tinh tế cùng màu sắc trang nhã giúp tạo điểm nhấn nổi bật cho căn phòng.",Đang bán
SP014,Tủ quần áo Mẫu 14,Tủ quần áo,4500000,7,sp014.jpg,"Sản phẩm tủ quần áo được thiết kế theo phong cách hiện đại, phù hợp với nhiều không gian sống khác nhau. Chất liệu được lựa chọn kỹ lưỡng nhằm đảm bảo độ bền, tính thẩm mỹ và sự an toàn trong quá trình sử dụng. Kiểu dáng hài hòa giúp dễ dàng kết hợp với các món nội thất khác trong gia đình. Sản phẩm mang lại sự tiện nghi, tối ưu công năng sử dụng và góp phần nâng cao chất lượng không gian sống. Đây là lựa chọn phù hợp cho khách hàng đang tìm kiếm một giải pháp nội thất đẹp, bền và có giá trị sử dụng lâu dài. Thiết kế tinh tế cùng màu sắc trang nhã giúp tạo điểm nhấn nổi bật cho căn phòng.",Đang bán
SP015,Giường ngủ Mẫu 15,Giường ngủ,4750000,10,sp015.jpg,"Sản phẩm giường ngủ được thiết kế theo phong cách hiện đại, phù hợp với nhiều không gian sống khác nhau. Chất liệu được lựa chọn kỹ lưỡng nhằm đảm bảo độ bền, tính thẩm mỹ và sự an toàn trong quá trình sử dụng. Kiểu dáng hài hòa giúp dễ dàng kết hợp với các món nội thất khác trong gia đình. Sản phẩm mang lại sự tiện nghi, tối ưu công năng sử dụng và góp phần nâng cao chất lượng không gian sống. Đây là lựa chọn phù hợp cho khách hàng đang tìm kiếm một giải pháp nội thất đẹp, bền và có giá trị sử dụng lâu dài. Thiết kế tinh tế cùng màu sắc trang nhã giúp tạo điểm nhấn nổi bật cho căn phòng.",Đang bán
SP016,Bàn ăn Mẫu 16,Bàn ăn,5000000,13,sp016.jpg,"Sản phẩm bàn ăn được thiết kế theo phong cách hiện đại, phù hợp với nhiều không gian sống khác nhau. Chất liệu được lựa chọn kỹ lưỡng nhằm đảm bảo độ bền, tính thẩm mỹ và sự an toàn trong quá trình sử dụng. Kiểu dáng hài hòa giúp dễ dàng kết hợp với các món nội thất khác trong gia đình. Sản phẩm mang lại sự tiện nghi, tối ưu công năng sử dụng và góp phần nâng cao chất lượng không gian sống. Đây là lựa chọn phù hợp cho khách hàng đang tìm kiếm một giải pháp nội thất đẹp, bền và có giá trị sử dụng lâu dài. Thiết kế tinh tế cùng màu sắc trang nhã giúp tạo điểm nhấn nổi bật cho căn phòng.",Đang bán
SP017,Ghế Mẫu 17,Ghế,5250000,16,sp017.jpg,"Sản phẩm ghế được thiết kế theo phong cách hiện đại, phù hợp với nhiều không gian sống khác nhau. Chất liệu được lựa chọn kỹ lưỡng nhằm đảm bảo độ bền, tính thẩm mỹ và sự an toàn trong quá trình sử dụng. Kiểu dáng hài hòa giúp dễ dàng kết hợp với các món nội thất khác trong gia đình. Sản phẩm mang lại sự tiện nghi, tối ưu công năng sử dụng và góp phần nâng cao chất lượng không gian sống. Đây là lựa chọn phù hợp cho khách hàng đang tìm kiếm một giải pháp nội thất đẹp, bền và có giá trị sử dụng lâu dài. Thiết kế tinh tế cùng màu sắc trang nhã giúp tạo điểm nhấn nổi bật cho căn phòng.",Đang bán
SP018,Bàn làm việc Mẫu 18,Bàn làm việc,5500000,19,sp018.jpg,"Sản phẩm bàn làm việc được thiết kế theo phong cách hiện đại, phù hợp với nhiều không gian sống khác nhau. Chất liệu được lựa chọn kỹ lưỡng nhằm đảm bảo độ bền, tính thẩm mỹ và sự an toàn trong quá trình sử dụng. Kiểu dáng hài hòa giúp dễ dàng kết hợp với các món nội thất khác trong gia đình. Sản phẩm mang lại sự tiện nghi, tối ưu công năng sử dụng và góp phần nâng cao chất lượng không gian sống. Đây là lựa chọn phù hợp cho khách hàng đang tìm kiếm một giải pháp nội thất đẹp, bền và có giá trị sử dụng lâu dài. Thiết kế tinh tế cùng màu sắc trang nhã giúp tạo điểm nhấn nổi bật cho căn phòng.",Đang bán
SP019,Kệ sách Mẫu 19,Kệ sách,5750000,22,sp019.jpg,"Sản phẩm kệ sách được thiết kế theo phong cách hiện đại, phù hợp với nhiều không gian sống khác nhau. Chất liệu được lựa chọn kỹ lưỡng nhằm đảm bảo độ bền, tính thẩm mỹ và sự an toàn trong quá trình sử dụng. Kiểu dáng hài hòa giúp dễ dàng kết hợp với các món nội thất khác trong gia đình. Sản phẩm mang lại sự tiện nghi, tối ưu công năng sử dụng và góp phần nâng cao chất lượng không gian sống. Đây là lựa chọn phù hợp cho khách hàng đang tìm kiếm một giải pháp nội thất đẹp, bền và có giá trị sử dụng lâu dài. Thiết kế tinh tế cùng màu sắc trang nhã giúp tạo điểm nhấn nổi bật cho căn phòng.",Đang bán
SP020,Trang trí Mẫu 20,Trang trí,6000000,25,sp020.jpg,"Sản phẩm trang trí được thiết kế theo phong cách hiện đại, phù hợp với nhiều không gian sống khác nhau. Chất liệu được lựa chọn kỹ lưỡng nhằm đảm bảo độ bền, tính thẩm mỹ và sự an toàn trong quá trình sử dụng. Kiểu dáng hài hòa giúp dễ dàng kết hợp với các món nội thất khác trong gia đình. Sản phẩm mang lại sự tiện nghi, tối ưu công năng sử dụng và góp phần nâng cao chất lượng không gian sống. Đây là lựa chọn phù hợp cho khách hàng đang tìm kiếm một giải pháp nội thất đẹp, bền và có giá trị sử dụng lâu dài. Thiết kế tinh tế cùng màu sắc trang nhã giúp tạo điểm nhấn nổi bật cho căn phòng.",Đang bán
SP021,Sofa Mẫu 21,Sofa,6250000,28,sp021.jpg,"Sản phẩm sofa được thiết kế theo phong cách hiện đại, phù hợp với nhiều không gian sống khác nhau. Chất liệu được lựa chọn kỹ lưỡng nhằm đảm bảo độ bền, tính thẩm mỹ và sự an toàn trong quá trình sử dụng. Kiểu dáng hài hòa giúp dễ dàng kết hợp với các món nội thất khác trong gia đình. Sản phẩm mang lại sự tiện nghi, tối ưu công năng sử dụng và góp phần nâng cao chất lượng không gian sống. Đây là lựa chọn phù hợp cho khách hàng đang tìm kiếm một giải pháp nội thất đẹp, bền và có giá trị sử dụng lâu dài. Thiết kế tinh tế cùng màu sắc trang nhã giúp tạo điểm nhấn nổi bật cho căn phòng.",Đang bán
SP022,Bàn trà Mẫu 22,Bàn trà,6500000,31,sp022.jpg,"Sản phẩm bàn trà được thiết kế theo phong cách hiện đại, phù hợp với nhiều không gian sống khác nhau. Chất liệu được lựa chọn kỹ lưỡng nhằm đảm bảo độ bền, tính thẩm mỹ và sự an toàn trong quá trình sử dụng. Kiểu dáng hài hòa giúp dễ dàng kết hợp với các món nội thất khác trong gia đình. Sản phẩm mang lại sự tiện nghi, tối ưu công năng sử dụng và góp phần nâng cao chất lượng không gian sống. Đây là lựa chọn phù hợp cho khách hàng đang tìm kiếm một giải pháp nội thất đẹp, bền và có giá trị sử dụng lâu dài. Thiết kế tinh tế cùng màu sắc trang nhã giúp tạo điểm nhấn nổi bật cho căn phòng.",Đang bán
SP023,Kệ TV Mẫu 23,Kệ TV,6750000,34,sp023.jpg,"Sản phẩm kệ tv được thiết kế theo phong cách hiện đại, phù hợp với nhiều không gian sống khác nhau. Chất liệu được lựa chọn kỹ lưỡng nhằm đảm bảo độ bền, tính thẩm mỹ và sự an toàn trong quá trình sử dụng. Kiểu dáng hài hòa giúp dễ dàng kết hợp với các món nội thất khác trong gia đình. Sản phẩm mang lại sự tiện nghi, tối ưu công năng sử dụng và góp phần nâng cao chất lượng không gian sống. Đây là lựa chọn phù hợp cho khách hàng đang tìm kiếm một giải pháp nội thất đẹp, bền và có giá trị sử dụng lâu dài. Thiết kế tinh tế cùng màu sắc trang nhã giúp tạo điểm nhấn nổi bật cho căn phòng.",Đang bán
SP024,Tủ quần áo Mẫu 24,Tủ quần áo,7000000,37,sp024.jpg,"Sản phẩm tủ quần áo được thiết kế theo phong cách hiện đại, phù hợp với nhiều không gian sống khác nhau. Chất liệu được lựa chọn kỹ lưỡng nhằm đảm bảo độ bền, tính thẩm mỹ và sự an toàn trong quá trình sử dụng. Kiểu dáng hài hòa giúp dễ dàng kết hợp với các món nội thất khác trong gia đình. Sản phẩm mang lại sự tiện nghi, tối ưu công năng sử dụng và góp phần nâng cao chất lượng không gian sống. Đây là lựa chọn phù hợp cho khách hàng đang tìm kiếm một giải pháp nội thất đẹp, bền và có giá trị sử dụng lâu dài. Thiết kế tinh tế cùng màu sắc trang nhã giúp tạo điểm nhấn nổi bật cho căn phòng.",Đang bán
SP025,Giường ngủ Mẫu 25,Giường ngủ,7250000,40,sp025.jpg,"Sản phẩm giường ngủ được thiết kế theo phong cách hiện đại, phù hợp với nhiều không gian sống khác nhau. Chất liệu được lựa chọn kỹ lưỡng nhằm đảm bảo độ bền, tính thẩm mỹ và sự an toàn trong quá trình sử dụng. Kiểu dáng hài hòa giúp dễ dàng kết hợp với các món nội thất khác trong gia đình. Sản phẩm mang lại sự tiện nghi, tối ưu công năng sử dụng và góp phần nâng cao chất lượng không gian sống. Đây là lựa chọn phù hợp cho khách hàng đang tìm kiếm một giải pháp nội thất đẹp, bền và có giá trị sử dụng lâu dài. Thiết kế tinh tế cùng màu sắc trang nhã giúp tạo điểm nhấn nổi bật cho căn phòng.",Đang bán
SP026,Bàn ăn Mẫu 26,Bàn ăn,7500000,43,sp026.jpg,"Sản phẩm bàn ăn được thiết kế theo phong cách hiện đại, phù hợp với nhiều không gian sống khác nhau. Chất liệu được lựa chọn kỹ lưỡng nhằm đảm bảo độ bền, tính thẩm mỹ và sự an toàn trong quá trình sử dụng. Kiểu dáng hài hòa giúp dễ dàng kết hợp với các món nội thất khác trong gia đình. Sản phẩm mang lại sự tiện nghi, tối ưu công năng sử dụng và góp phần nâng cao chất lượng không gian sống. Đây là lựa chọn phù hợp cho khách hàng đang tìm kiếm một giải pháp nội thất đẹp, bền và có giá trị sử dụng lâu dài. Thiết kế tinh tế cùng màu sắc trang nhã giúp tạo điểm nhấn nổi bật cho căn phòng.",Đang bán
SP027,Ghế Mẫu 27,Ghế,7750000,6,sp027.jpg,"Sản phẩm ghế được thiết kế theo phong cách hiện đại, phù hợp với nhiều không gian sống khác nhau. Chất liệu được lựa chọn kỹ lưỡng nhằm đảm bảo độ bền, tính thẩm mỹ và sự an toàn trong quá trình sử dụng. Kiểu dáng hài hòa giúp dễ dàng kết hợp với các món nội thất khác trong gia đình. Sản phẩm mang lại sự tiện nghi, tối ưu công năng sử dụng và góp phần nâng cao chất lượng không gian sống. Đây là lựa chọn phù hợp cho khách hàng đang tìm kiếm một giải pháp nội thất đẹp, bền và có giá trị sử dụng lâu dài. Thiết kế tinh tế cùng màu sắc trang nhã giúp tạo điểm nhấn nổi bật cho căn phòng.",Đang bán
SP028,Bàn làm việc Mẫu 28,Bàn làm việc,8000000,9,sp028.jpg,"Sản phẩm bàn làm việc được thiết kế theo phong cách hiện đại, phù hợp với nhiều không gian sống khác nhau. Chất liệu được lựa chọn kỹ lưỡng nhằm đảm bảo độ bền, tính thẩm mỹ và sự an toàn trong quá trình sử dụng. Kiểu dáng hài hòa giúp dễ dàng kết hợp với các món nội thất khác trong gia đình. Sản phẩm mang lại sự tiện nghi, tối ưu công năng sử dụng và góp phần nâng cao chất lượng không gian sống. Đây là lựa chọn phù hợp cho khách hàng đang tìm kiếm một giải pháp nội thất đẹp, bền và có giá trị sử dụng lâu dài. Thiết kế tinh tế cùng màu sắc trang nhã giúp tạo điểm nhấn nổi bật cho căn phòng.",Đang bán
SP029,Kệ sách Mẫu 29,Kệ sách,8250000,12,sp029.jpg,"Sản phẩm kệ sách được thiết kế theo phong cách hiện đại, phù hợp với nhiều không gian sống khác nhau. Chất liệu được lựa chọn kỹ lưỡng nhằm đảm bảo độ bền, tính thẩm mỹ và sự an toàn trong quá trình sử dụng. Kiểu dáng hài hòa giúp dễ dàng kết hợp với các món nội thất khác trong gia đình. Sản phẩm mang lại sự tiện nghi, tối ưu công năng sử dụng và góp phần nâng cao chất lượng không gian sống. Đây là lựa chọn phù hợp cho khách hàng đang tìm kiếm một giải pháp nội thất đẹp, bền và có giá trị sử dụng lâu dài. Thiết kế tinh tế cùng màu sắc trang nhã giúp tạo điểm nhấn nổi bật cho căn phòng.",Đang bán
SP030,Trang trí Mẫu 30,Trang trí,8500000,15,sp030.jpg,"Sản phẩm trang trí được thiết kế theo phong cách hiện đại, phù hợp với nhiều không gian sống khác nhau. Chất liệu được lựa chọn kỹ lưỡng nhằm đảm bảo độ bền, tính thẩm mỹ và sự an toàn trong quá trình sử dụng. Kiểu dáng hài hòa giúp dễ dàng kết hợp với các món nội thất khác trong gia đình. Sản phẩm mang lại sự tiện nghi, tối ưu công năng sử dụng và góp phần nâng cao chất lượng không gian sống. Đây là lựa chọn phù hợp cho khách hàng đang tìm kiếm một giải pháp nội thất đẹp, bền và có giá trị sử dụng lâu dài. Thiết kế tinh tế cùng màu sắc trang nhã giúp tạo điểm nhấn nổi bật cho căn phòng.",Đang bán
SP031,Sofa Mẫu 31,Sofa,8750000,18,sp031.jpg,"Sản phẩm sofa được thiết kế theo phong cách hiện đại, phù hợp với nhiều không gian sống khác nhau. Chất liệu được lựa chọn kỹ lưỡng nhằm đảm bảo độ bền, tính thẩm mỹ và sự an toàn trong quá trình sử dụng. Kiểu dáng hài hòa giúp dễ dàng kết hợp với các món nội thất khác trong gia đình. Sản phẩm mang lại sự tiện nghi, tối ưu công năng sử dụng và góp phần nâng cao chất lượng không gian sống. Đây là lựa chọn phù hợp cho khách hàng đang tìm kiếm một giải pháp nội thất đẹp, bền và có giá trị sử dụng lâu dài. Thiết kế tinh tế cùng màu sắc trang nhã giúp tạo điểm nhấn nổi bật cho căn phòng.",Đang bán
SP032,Bàn trà Mẫu 32,Bàn trà,9000000,21,sp032.jpg,"Sản phẩm bàn trà được thiết kế theo phong cách hiện đại, phù hợp với nhiều không gian sống khác nhau. Chất liệu được lựa chọn kỹ lưỡng nhằm đảm bảo độ bền, tính thẩm mỹ và sự an toàn trong quá trình sử dụng. Kiểu dáng hài hòa giúp dễ dàng kết hợp với các món nội thất khác trong gia đình. Sản phẩm mang lại sự tiện nghi, tối ưu công năng sử dụng và góp phần nâng cao chất lượng không gian sống. Đây là lựa chọn phù hợp cho khách hàng đang tìm kiếm một giải pháp nội thất đẹp, bền và có giá trị sử dụng lâu dài. Thiết kế tinh tế cùng màu sắc trang nhã giúp tạo điểm nhấn nổi bật cho căn phòng.",Đang bán
SP033,Kệ TV Mẫu 33,Kệ TV,9250000,24,sp033.jpg,"Sản phẩm kệ tv được thiết kế theo phong cách hiện đại, phù hợp với nhiều không gian sống khác nhau. Chất liệu được lựa chọn kỹ lưỡng nhằm đảm bảo độ bền, tính thẩm mỹ và sự an toàn trong quá trình sử dụng. Kiểu dáng hài hòa giúp dễ dàng kết hợp với các món nội thất khác trong gia đình. Sản phẩm mang lại sự tiện nghi, tối ưu công năng sử dụng và góp phần nâng cao chất lượng không gian sống. Đây là lựa chọn phù hợp cho khách hàng đang tìm kiếm một giải pháp nội thất đẹp, bền và có giá trị sử dụng lâu dài. Thiết kế tinh tế cùng màu sắc trang nhã giúp tạo điểm nhấn nổi bật cho căn phòng.",Đang bán
SP034,Tủ quần áo Mẫu 34,Tủ quần áo,9500000,27,sp034.jpg,"Sản phẩm tủ quần áo được thiết kế theo phong cách hiện đại, phù hợp với nhiều không gian sống khác nhau. Chất liệu được lựa chọn kỹ lưỡng nhằm đảm bảo độ bền, tính thẩm mỹ và sự an toàn trong quá trình sử dụng. Kiểu dáng hài hòa giúp dễ dàng kết hợp với các món nội thất khác trong gia đình. Sản phẩm mang lại sự tiện nghi, tối ưu công năng sử dụng và góp phần nâng cao chất lượng không gian sống. Đây là lựa chọn phù hợp cho khách hàng đang tìm kiếm một giải pháp nội thất đẹp, bền và có giá trị sử dụng lâu dài. Thiết kế tinh tế cùng màu sắc trang nhã giúp tạo điểm nhấn nổi bật cho căn phòng.",Đang bán
SP035,Giường ngủ Mẫu 35,Giường ngủ,9750000,30,sp035.jpg,"Sản phẩm giường ngủ được thiết kế theo phong cách hiện đại, phù hợp với nhiều không gian sống khác nhau. Chất liệu được lựa chọn kỹ lưỡng nhằm đảm bảo độ bền, tính thẩm mỹ và sự an toàn trong quá trình sử dụng. Kiểu dáng hài hòa giúp dễ dàng kết hợp với các món nội thất khác trong gia đình. Sản phẩm mang lại sự tiện nghi, tối ưu công năng sử dụng và góp phần nâng cao chất lượng không gian sống. Đây là lựa chọn phù hợp cho khách hàng đang tìm kiếm một giải pháp nội thất đẹp, bền và có giá trị sử dụng lâu dài. Thiết kế tinh tế cùng màu sắc trang nhã giúp tạo điểm nhấn nổi bật cho căn phòng.",Đang bán
SP036,Bàn ăn Mẫu 36,Bàn ăn,10000000,33,sp036.jpg,"Sản phẩm bàn ăn được thiết kế theo phong cách hiện đại, phù hợp với nhiều không gian sống khác nhau. Chất liệu được lựa chọn kỹ lưỡng nhằm đảm bảo độ bền, tính thẩm mỹ và sự an toàn trong quá trình sử dụng. Kiểu dáng hài hòa giúp dễ dàng kết hợp với các món nội thất khác trong gia đình. Sản phẩm mang lại sự tiện nghi, tối ưu công năng sử dụng và góp phần nâng cao chất lượng không gian sống. Đây là lựa chọn phù hợp cho khách hàng đang tìm kiếm một giải pháp nội thất đẹp, bền và có giá trị sử dụng lâu dài. Thiết kế tinh tế cùng màu sắc trang nhã giúp tạo điểm nhấn nổi bật cho căn phòng.",Đang bán
SP037,Ghế Mẫu 37,Ghế,10250000,36,sp037.jpg,"Sản phẩm ghế được thiết kế theo phong cách hiện đại, phù hợp với nhiều không gian sống khác nhau. Chất liệu được lựa chọn kỹ lưỡng nhằm đảm bảo độ bền, tính thẩm mỹ và sự an toàn trong quá trình sử dụng. Kiểu dáng hài hòa giúp dễ dàng kết hợp với các món nội thất khác trong gia đình. Sản phẩm mang lại sự tiện nghi, tối ưu công năng sử dụng và góp phần nâng cao chất lượng không gian sống. Đây là lựa chọn phù hợp cho khách hàng đang tìm kiếm một giải pháp nội thất đẹp, bền và có giá trị sử dụng lâu dài. Thiết kế tinh tế cùng màu sắc trang nhã giúp tạo điểm nhấn nổi bật cho căn phòng.",Đang bán
SP038,Bàn làm việc Mẫu 38,Bàn làm việc,10500000,39,sp038.jpg,"Sản phẩm bàn làm việc được thiết kế theo phong cách hiện đại, phù hợp với nhiều không gian sống khác nhau. Chất liệu được lựa chọn kỹ lưỡng nhằm đảm bảo độ bền, tính thẩm mỹ và sự an toàn trong quá trình sử dụng. Kiểu dáng hài hòa giúp dễ dàng kết hợp với các món nội thất khác trong gia đình. Sản phẩm mang lại sự tiện nghi, tối ưu công năng sử dụng và góp phần nâng cao chất lượng không gian sống. Đây là lựa chọn phù hợp cho khách hàng đang tìm kiếm một giải pháp nội thất đẹp, bền và có giá trị sử dụng lâu dài. Thiết kế tinh tế cùng màu sắc trang nhã giúp tạo điểm nhấn nổi bật cho căn phòng.",Đang bán
SP039,Kệ sách Mẫu 39,Kệ sách,10750000,42,sp039.jpg,"Sản phẩm kệ sách được thiết kế theo phong cách hiện đại, phù hợp với nhiều không gian sống khác nhau. Chất liệu được lựa chọn kỹ lưỡng nhằm đảm bảo độ bền, tính thẩm mỹ và sự an toàn trong quá trình sử dụng. Kiểu dáng hài hòa giúp dễ dàng kết hợp với các món nội thất khác trong gia đình. Sản phẩm mang lại sự tiện nghi, tối ưu công năng sử dụng và góp phần nâng cao chất lượng không gian sống. Đây là lựa chọn phù hợp cho khách hàng đang tìm kiếm một giải pháp nội thất đẹp, bền và có giá trị sử dụng lâu dài. Thiết kế tinh tế cùng màu sắc trang nhã giúp tạo điểm nhấn nổi bật cho căn phòng.",Đang bán
SP040,Trang trí Mẫu 40,Trang trí,11000000,5,sp040.jpg,"Sản phẩm trang trí được thiết kế theo phong cách hiện đại, phù hợp với nhiều không gian sống khác nhau. Chất liệu được lựa chọn kỹ lưỡng nhằm đảm bảo độ bền, tính thẩm mỹ và sự an toàn trong quá trình sử dụng. Kiểu dáng hài hòa giúp dễ dàng kết hợp với các món nội thất khác trong gia đình. Sản phẩm mang lại sự tiện nghi, tối ưu công năng sử dụng và góp phần nâng cao chất lượng không gian sống. Đây là lựa chọn phù hợp cho khách hàng đang tìm kiếm một giải pháp nội thất đẹp, bền và có giá trị sử dụng lâu dài. Thiết kế tinh tế cùng màu sắc trang nhã giúp tạo điểm nhấn nổi bật cho căn phòng.",Đang bán
SP041,Sofa Mẫu 41,Sofa,11250000,8,sp041.jpg,"Sản phẩm sofa được thiết kế theo phong cách hiện đại, phù hợp với nhiều không gian sống khác nhau. Chất liệu được lựa chọn kỹ lưỡng nhằm đảm bảo độ bền, tính thẩm mỹ và sự an toàn trong quá trình sử dụng. Kiểu dáng hài hòa giúp dễ dàng kết hợp với các món nội thất khác trong gia đình. Sản phẩm mang lại sự tiện nghi, tối ưu công năng sử dụng và góp phần nâng cao chất lượng không gian sống. Đây là lựa chọn phù hợp cho khách hàng đang tìm kiếm một giải pháp nội thất đẹp, bền và có giá trị sử dụng lâu dài. Thiết kế tinh tế cùng màu sắc trang nhã giúp tạo điểm nhấn nổi bật cho căn phòng.",Đang bán
SP042,Bàn trà Mẫu 42,Bàn trà,11500000,11,sp042.jpg,"Sản phẩm bàn trà được thiết kế theo phong cách hiện đại, phù hợp với nhiều không gian sống khác nhau. Chất liệu được lựa chọn kỹ lưỡng nhằm đảm bảo độ bền, tính thẩm mỹ và sự an toàn trong quá trình sử dụng. Kiểu dáng hài hòa giúp dễ dàng kết hợp với các món nội thất khác trong gia đình. Sản phẩm mang lại sự tiện nghi, tối ưu công năng sử dụng và góp phần nâng cao chất lượng không gian sống. Đây là lựa chọn phù hợp cho khách hàng đang tìm kiếm một giải pháp nội thất đẹp, bền và có giá trị sử dụng lâu dài. Thiết kế tinh tế cùng màu sắc trang nhã giúp tạo điểm nhấn nổi bật cho căn phòng.",Đang bán
SP043,Kệ TV Mẫu 43,Kệ TV,11750000,14,sp043.jpg,"Sản phẩm kệ tv được thiết kế theo phong cách hiện đại, phù hợp với nhiều không gian sống khác nhau. Chất liệu được lựa chọn kỹ lưỡng nhằm đảm bảo độ bền, tính thẩm mỹ và sự an toàn trong quá trình sử dụng. Kiểu dáng hài hòa giúp dễ dàng kết hợp với các món nội thất khác trong gia đình. Sản phẩm mang lại sự tiện nghi, tối ưu công năng sử dụng và góp phần nâng cao chất lượng không gian sống. Đây là lựa chọn phù hợp cho khách hàng đang tìm kiếm một giải pháp nội thất đẹp, bền và có giá trị sử dụng lâu dài. Thiết kế tinh tế cùng màu sắc trang nhã giúp tạo điểm nhấn nổi bật cho căn phòng.",Đang bán
SP044,Tủ quần áo Mẫu 44,Tủ quần áo,12000000,17,sp044.jpg,"Sản phẩm tủ quần áo được thiết kế theo phong cách hiện đại, phù hợp với nhiều không gian sống khác nhau. Chất liệu được lựa chọn kỹ lưỡng nhằm đảm bảo độ bền, tính thẩm mỹ và sự an toàn trong quá trình sử dụng. Kiểu dáng hài hòa giúp dễ dàng kết hợp với các món nội thất khác trong gia đình. Sản phẩm mang lại sự tiện nghi, tối ưu công năng sử dụng và góp phần nâng cao chất lượng không gian sống. Đây là lựa chọn phù hợp cho khách hàng đang tìm kiếm một giải pháp nội thất đẹp, bền và có giá trị sử dụng lâu dài. Thiết kế tinh tế cùng màu sắc trang nhã giúp tạo điểm nhấn nổi bật cho căn phòng.",Đang bán
SP045,Giường ngủ Mẫu 45,Giường ngủ,12250000,20,sp045.jpg,"Sản phẩm giường ngủ được thiết kế theo phong cách hiện đại, phù hợp với nhiều không gian sống khác nhau. Chất liệu được lựa chọn kỹ lưỡng nhằm đảm bảo độ bền, tính thẩm mỹ và sự an toàn trong quá trình sử dụng. Kiểu dáng hài hòa giúp dễ dàng kết hợp với các món nội thất khác trong gia đình. Sản phẩm mang lại sự tiện nghi, tối ưu công năng sử dụng và góp phần nâng cao chất lượng không gian sống. Đây là lựa chọn phù hợp cho khách hàng đang tìm kiếm một giải pháp nội thất đẹp, bền và có giá trị sử dụng lâu dài. Thiết kế tinh tế cùng màu sắc trang nhã giúp tạo điểm nhấn nổi bật cho căn phòng.",Đang bán
SP046,Bàn ăn Mẫu 46,Bàn ăn,12500000,23,sp046.jpg,"Sản phẩm bàn ăn được thiết kế theo phong cách hiện đại, phù hợp với nhiều không gian sống khác nhau. Chất liệu được lựa chọn kỹ lưỡng nhằm đảm bảo độ bền, tính thẩm mỹ và sự an toàn trong quá trình sử dụng. Kiểu dáng hài hòa giúp dễ dàng kết hợp với các món nội thất khác trong gia đình. Sản phẩm mang lại sự tiện nghi, tối ưu công năng sử dụng và góp phần nâng cao chất lượng không gian sống. Đây là lựa chọn phù hợp cho khách hàng đang tìm kiếm một giải pháp nội thất đẹp, bền và có giá trị sử dụng lâu dài. Thiết kế tinh tế cùng màu sắc trang nhã giúp tạo điểm nhấn nổi bật cho căn phòng.",Đang bán
SP047,Ghế Mẫu 47,Ghế,12750000,26,sp047.jpg,"Sản phẩm ghế được thiết kế theo phong cách hiện đại, phù hợp với nhiều không gian sống khác nhau. Chất liệu được lựa chọn kỹ lưỡng nhằm đảm bảo độ bền, tính thẩm mỹ và sự an toàn trong quá trình sử dụng. Kiểu dáng hài hòa giúp dễ dàng kết hợp với các món nội thất khác trong gia đình. Sản phẩm mang lại sự tiện nghi, tối ưu công năng sử dụng và góp phần nâng cao chất lượng không gian sống. Đây là lựa chọn phù hợp cho khách hàng đang tìm kiếm một giải pháp nội thất đẹp, bền và có giá trị sử dụng lâu dài. Thiết kế tinh tế cùng màu sắc trang nhã giúp tạo điểm nhấn nổi bật cho căn phòng.",Đang bán
SP048,Bàn làm việc Mẫu 48,Bàn làm việc,13000000,29,sp048.jpg,"Sản phẩm bàn làm việc được thiết kế theo phong cách hiện đại, phù hợp với nhiều không gian sống khác nhau. Chất liệu được lựa chọn kỹ lưỡng nhằm đảm bảo độ bền, tính thẩm mỹ và sự an toàn trong quá trình sử dụng. Kiểu dáng hài hòa giúp dễ dàng kết hợp với các món nội thất khác trong gia đình. Sản phẩm mang lại sự tiện nghi, tối ưu công năng sử dụng và góp phần nâng cao chất lượng không gian sống. Đây là lựa chọn phù hợp cho khách hàng đang tìm kiếm một giải pháp nội thất đẹp, bền và có giá trị sử dụng lâu dài. Thiết kế tinh tế cùng màu sắc trang nhã giúp tạo điểm nhấn nổi bật cho căn phòng.",Đang bán
SP049,Kệ sách Mẫu 49,Kệ sách,13250000,32,sp049.jpg,"Sản phẩm kệ sách được thiết kế theo phong cách hiện đại, phù hợp với nhiều không gian sống khác nhau. Chất liệu được lựa chọn kỹ lưỡng nhằm đảm bảo độ bền, tính thẩm mỹ và sự an toàn trong quá trình sử dụng. Kiểu dáng hài hòa giúp dễ dàng kết hợp với các món nội thất khác trong gia đình. Sản phẩm mang lại sự tiện nghi, tối ưu công năng sử dụng và góp phần nâng cao chất lượng không gian sống. Đây là lựa chọn phù hợp cho khách hàng đang tìm kiếm một giải pháp nội thất đẹp, bền và có giá trị sử dụng lâu dài. Thiết kế tinh tế cùng màu sắc trang nhã giúp tạo điểm nhấn nổi bật cho căn phòng.",Đang bán
SP050,Trang trí Mẫu 50,Trang trí,13500000,35,sp050.jpg,"Sản phẩm trang trí được thiết kế theo phong cách hiện đại, phù hợp với nhiều không gian sống khác nhau. Chất liệu được lựa chọn kỹ lưỡng nhằm đảm bảo độ bền, tính thẩm mỹ và sự an toàn trong quá trình sử dụng. Kiểu dáng hài hòa giúp dễ dàng kết hợp với các món nội thất khác trong gia đình. Sản phẩm mang lại sự tiện nghi, tối ưu công năng sử dụng và góp phần nâng cao chất lượng không gian sống. Đây là lựa chọn phù hợp cho khách hàng đang tìm kiếm một giải pháp nội thất đẹp, bền và có giá trị sử dụng lâu dài. Thiết kế tinh tế cùng màu sắc trang nhã giúp tạo điểm nhấn nổi bật cho căn phòng.",Đang bán
